{"cameraMode":{"drawMode":0,"name":"Shaded","section":"Shading Mode"},"sceneLighting":true,"audioPlay":false,"sceneViewState":{"m_AlwaysRefresh":false,"showFog":true,"showSkybox":true,"showFlares":true,"showImageEffects":true,"showParticleSystems":true,"showVisualEffectGraphs":true,"m_FxEnabled":true},"in2DMode":false,"pivot":{"x":-6.65332555770874,"y":12.48806381225586,"z":0.26753807067871096},"rotation":{"x":-0.02280769683420658,"y":-0.0009024206665344536,"z":0.00002035593024629634,"w":-0.9997406005859375},"size":14.825968742370606,"orthographic":false}